TITLE,CATEGORY,WIDTH,CODE,PRICE
Fixed Panel,Fixed Panel,600,SSP-01R-600,$127.00
Fixed Panel,Fixed Panel,650,SSP-01R-650,$137.00
Fixed Panel,Fixed Panel,700,SSP-01R-700,$147.00
Fixed Panel,Fixed Panel,750,SSP-01R-750,$158.00
Fixed Panel,Fixed Panel,800,SSP-01R-800,$168.00
Fixed Panel,Fixed Panel,825,SSP-01R-825,$173.00
Fixed Panel,Fixed Panel,830,SSP-01R-830,$174.00
Fixed Panel,Fixed Panel,835,SSP-01R-835,$175.00
Fixed Panel,Fixed Panel,840,SSP-01R-840,$177.00
Fixed Panel,Fixed Panel,845,SSP-01R-845,$178.00
Fixed Panel,Fixed Panel,850,SSP-01R-850,$178.00
Fixed Panel,Fixed Panel,855,SSP-01R-855,$180.00
Fixed Panel,Fixed Panel,860,SSP-01R-860,$181.00
Fixed Panel,Fixed Panel,865,SSP-01R-865,$182.00
Fixed Panel,Fixed Panel,870,SSP-01R-870,$183.00
Fixed Panel,Fixed Panel,875,SSP-01R-875,$184.00
Fixed Panel,Fixed Panel,880,SSP-01R-880,$185.00
Fixed Panel,Fixed Panel,885,SSP-01R-885,$186.00
Fixed Panel,Fixed Panel,890,SSP-01R-890,$187.00
Fixed Panel,Fixed Panel,895,SSP-01R-895,$188.00
Fixed Panel,Fixed Panel,900,SSP-01R-900,$189.00
Fixed Panel,Fixed Panel,905,SSP-01R-905,$190.00
Fixed Panel,Fixed Panel,910,SSP-01R-910,$191.00
Fixed Panel,Fixed Panel,915,SSP-01R-915,$192.00
Fixed Panel,Fixed Panel,920,SSP-01R-920,$193.00
Fixed Panel,Fixed Panel,925,SSP-01R-925,$194.00
Fixed Panel,Fixed Panel,930,SSP-01R-930,$195.00
Fixed Panel,Fixed Panel,935,SSP-01R-935,$196.00
Fixed Panel,Fixed Panel,940,SSP-01R-940,$197.00
Fixed Panel,Fixed Panel,945,SSP-01R-945,$198.00
Fixed Panel,Fixed Panel,950,SSP-01R-950,$199.00
Fixed Panel,Fixed Panel,955,SSP-01R-955,$200.00
Fixed Panel,Fixed Panel,960,SSP-01R-960,$202.00
Fixed Panel,Fixed Panel,965,SSP-01R-965,$203.00
Fixed Panel,Fixed Panel,970,SSP-01R-970,$204.00
Fixed Panel,Fixed Panel,975,SSP-01R-975,$205.00
Fixed Panel,Fixed Panel,980,SSP-01R-980,$206.00
Fixed Panel,Fixed Panel,985,SSP-01R-985,$207.00
Fixed Panel,Fixed Panel,990,SSP-01R-990,$208.00
Fixed Panel,Fixed Panel,995,SSP-01R-995,$209.00
Fixed Panel,Fixed Panel,1000,SSP-01R-1000,$210.00
Fixed Panel,Fixed Panel,1005,SSP-01R-1005,$211.00
Fixed Panel,Fixed Panel,1010,SSP-01R-1010,$212.00
Fixed Panel,Fixed Panel,1015,SSP-01R-1015,$213.00
Fixed Panel,Fixed Panel,1020,SSP-01R-1020,$214.00
Fixed Panel,Fixed Panel,1025,SSP-01R-1025,$215.00
Fixed Panel,Fixed Panel,1030,SSP-01R-1030,$216.00
Fixed Panel,Fixed Panel,1035,SSP-01R-1035,$217.00
Fixed Panel,Fixed Panel,1040,SSP-01R-1040,$218.00
Fixed Panel,Fixed Panel,1045,SSP-01R-1045,$220.00
Fixed Panel,Fixed Panel,1050,SSP-01R-1050,$221.00
Fixed Panel,Fixed Panel,1055,SSP-01R-1055,$222.00
Fixed Panel,Fixed Panel,1060,SSP-01R-1060,$223.00
Fixed Panel,Fixed Panel,1065,SSP-01R-1065,$224.00
Fixed Panel,Fixed Panel,1070,SSP-01R-1070,$225.00
Fixed Panel,Fixed Panel,1075,SSP-01R-1075,$227.00
Fixed Panel,Fixed Panel,1080,SSP-01R-1080,$228.00
Fixed Panel,Fixed Panel,1085,SSP-01R-1085,$229.00
Fixed Panel,Fixed Panel,1090,SSP-01R-1090,$230.00
Fixed Panel,Fixed Panel,1095,SSP-01R-1095,$230.00
Fixed Panel,Fixed Panel,1100,SSP-01R-1100,$231.00
Fixed Panel,Fixed Panel,1150,SSP-01R-1150,$241.00
Fixed Panel,Fixed Panel,1200,SSP-01R-1200,$252.00
Hinged Panel,Hinged Panel,180,SSP-HP-180,$38.00
Hinged Panel,Hinged Panel,185,SSP-HP-185,$39.00
Hinged Panel,Hinged Panel,195,SSP-HP-195,$41.00
Hinged Panel,Hinged Panel,200,SSP-HP-200,$42.00
Hinged Panel,Hinged Panel,205,SSP-HP-205,$43.00
Hinged Panel,Hinged Panel,210,SSP-HP-210,$44.00
Hinged Panel,Hinged Panel,215,SSP-HP-215,$45.00
Hinged Panel,Hinged Panel,220,SSP-HP-220,$47.00
Hinged Panel,Hinged Panel,225,SSP-HP-225,$47.00
Hinged Panel,Hinged Panel,230,SSP-HP-230,$49.00
Hinged Panel,Hinged Panel,235,SSP-HP-235,$50.00
Hinged Panel,Hinged Panel,240,SSP-HP-240,$51.00
Hinged Panel,Hinged Panel,245,SSP-HP-245,$52.00
Hinged Panel,Hinged Panel,250,SSP-HP-250,$53.00
Hinged Panel,Hinged Panel,255,SSP-HP-255,$54.00
Hinged Panel,Hinged Panel,260,SSP-HP-260,$55.00
Hinged Panel,Hinged Panel,265,SSP-HP-265,$56.00
Hinged Panel,Hinged Panel,270,SSP-HP-270,$57.00
Hinged Panel,Hinged Panel,275,SSP-HP-275,$58.00
Hinged Panel,Hinged Panel,280,SSP-HP-280,$59.00
Hinged Panel,Hinged Panel,285,SSP-HP-285,$60.00
Hinged Panel,Hinged Panel,290,SSP-HP-290,$61.00
Hinged Panel,Hinged Panel,295,SSP-HP-295,$62.00
Hinged Panel,Hinged Panel,300,SSP-HP-300,$64.00
Hinged Panel,Hinged Panel,305,SSP-HP-305,$64.00
Hinged Panel,Hinged Panel,310,SSP-HP-310,$65.00
Hinged Panel,Hinged Panel,315,SSP-HP-315,$66.00
Hinged Panel,Hinged Panel,320,SSP-HP-320,$68.00
Hinged Panel,Hinged Panel,325,SSP-HP-325,$69.00
Hinged Panel,Hinged Panel,330,SSP-HP-330,$70.00
Hinged Panel,Hinged Panel,335,SSP-HP-335,$71.00
Hinged Panel,Hinged Panel,340,SSP-HP-340,$72.00
Hinged Panel,Hinged Panel,345,SSP-HP-345,$73.00
Hinged Panel,Hinged Panel,350,SSP-HP-350,$74.00
Hinged Panel,Hinged Panel,355,SSP-HP-355,$75.00
Hinged Panel,Hinged Panel,360,SSP-HP-360,$76.00
Hinged Panel,Hinged Panel,365,SSP-HP-365,$77.00
Hinged Panel,Hinged Panel,370,SSP-HP-370,$78.00
Hinged Panel,Hinged Panel,375,SSP-HP-375,$79.00
Hinged Panel,Hinged Panel,380,SSP-HP-380,$80.00
Hinged Panel,Hinged Panel,385,SSP-HP-385,$81.00
Hinged Panel,Hinged Panel,390,SSP-HP-390,$82.00
Hinged Panel,Hinged Panel,395,SSP-HP-395,$83.00
Hinged Panel,Hinged Panel,400,SSP-HP-400,$84.00
Hinged Panel,Hinged Panel,450,SSP-HP-450,$95.00
Hinged Panel,Hinged Panel,500,SSP-HP-500,$105.00
Hinged Panel,Hinged Panel,600,SSP-HP-600,$126.00
Door Panel,Door Panel,600,SD-600,$137.00
Door Panel,Door Panel,610,SD-610,$139.00
Door Panel,Door Panel,620,SD-620,$140.00
Door Panel,Door Panel,630,SD-630,$142.00
Door Panel,Door Panel,640,SD-640,$143.00
Door Panel,Door Panel,650,SD-650,$147.00
POLISHED CHROME,90 Degree Wall Bracket,,SB50SQPC,$17.00
BRUSHED NICKEL,90 Degree Wall Bracket,,SB50SQSN,$25.00
BLACK,90 Degree Wall Bracket,,SB50SQBLK,$23.00
POLISHED GOLD,90 Degree Wall Bracket,,SB50SQPG,$26.00
BRUSHED GOLD,90 Degree Wall Bracket,,SB50SQBG,$26.00
BRUSHED BRASS,90 Degree Wall Bracket,,SB50SQBB,$26.00
POLISHED CHROME,180 Degree Wall Bracket,,SBD50SQPC,$25.00
BRUSHED NICKEL,180 Degree Wall Bracket,,SBD50SQSN,$60.00
POLISHED CHROME,180 Degree Glass-To-Glass Hinge,,ES2PC,$56.00
BRUSHED NICKEL,180 Degree Glass-To-Glass Hinge,,ES2SN,$59.00
BLACK,180 Degree Glass-To-Glass Hinge,,ES2BLK,$80.00
POLISHED GOLD,180 Degree Glass-To-Glass Hinge,,ES2PG,$115.00
BRUSHED GOLD,180 Degree Glass-To-Glass Hinge,,ES2BG,$115.00
BRUSHED BRASS,180 Degree Glass-To-Glass Hinge,,ES2BB,$115.00
POLISHED CHROME,90 Degree Wall-To-Glass Hinge,,ES1LPC,$50.00
BRUSHED NICKEL,90 Degree Wall-To-Glass Hinge,,ES1LSN,$61.00
BLACK,90 Degree Wall-To-Glass Hinge,,ES1LBLK,$80.00
POLISHED GOLD,90 Degree Wall-To-Glass Hinge,,ES1LPG,$102.00
BRUSHED GOLD,90 Degree Wall-To-Glass Hinge,,ES1LBG,$102.00
BRUSHED BRASS,90 Degree Wall-To-Glass Hinge,,ES1LBB,$102.00
POLISHED CHROME,Door Knob,,MSK40PC,$11.00
BRUSHED NICKEL,Door Knob,,MSK40SN,$23.00
BLACK,Door Knob,,MSK40BLK,$16.00
POLISHED GOLD,Door Knob,,MSK40PG,$23.00
BRUSHED GOLD,Door Knob,,MSK40BG,$23.00
BRUSHED BRASS,Door Knob,,MSK40BB,$23.00
CLEAR,Door Seal,,FWS-10-10,$11.00
POLISHED CHROME,Shelf Bracket / Floor Bracket,,SB10SQPC,$11.00
BRUSHED NICKEL,Shelf Bracket / Floor Bracket,,SB10SQSN,$17.00
BLACK,Shelf Bracket / Floor Bracket,,SB10SQBLK,$17.00
POLISHED SILVER,Half-Round Waterbar,,HR1PS,$32.00
BRUSHED SILVER,Half-Round Waterbar,,HR1SS,$32.00
BLACK,Half-Round Waterbar,,HR1BLK,$44.00
BRUSHED BRASS,Half-Round Waterbar,,HR1BB,$44.00
CLEAR,Silicone Tube,,,$12.00
SILICON SPATULA,SILICON SPATULA,,SPATULA,$6.00
3MM PACKERS,3MM PACKERS,,CSB,$15.00
CLEAR,Glass Shelf,,GS200,$27.00
